{
  "model": "gemma-3-1b-fp32-rand",
  "signal": "mean_gen",
  "min_auc": 0.85,
  "axes": {
    "surprise": {
      "layer": 15,
      "kind": "mean",
      "auc": 0.9428571428571428,
      "p_pos": 1203.3214111328125,
      "p_neg": 595.852783203125,
      "p_std": 379.14801025390625,
      "threshold": 899.5870971679688,
      "n": 76,
      "accepted": true
    },
    "confidence": {
      "layer": 10,
      "kind": "mean",
      "auc": 0.6000000000000001,
      "p_pos": 3595.856689453125,
      "p_neg": 3466.8583984375,
      "p_std": 219.07568359375,
      "threshold": 3531.3575439453125,
      "n": 46,
      "accepted": false
    },
    "curiosity": {
      "layer": 15,
      "kind": "mean",
      "auc": 0.9512499999999999,
      "p_pos": 2185.882080078125,
      "p_neg": 1437.216796875,
      "p_std": 436.32110595703125,
      "threshold": 1811.5494384765625,
      "n": 63,
      "accepted": true
    },
    "confusion": {
      "layer": 25,
      "kind": "mean",
      "auc": 0.9574999999999999,
      "p_pos": 24.246469497680664,
      "p_neg": -38.548954010009766,
      "p_std": 38.900856018066406,
      "threshold": -7.151242256164551,
      "n": 64,
      "accepted": true
    },
    "frustration": {
      "layer": 14,
      "kind": "mean",
      "auc": 1.0,
      "p_pos": 2423.750244140625,
      "p_neg": 1835.785888671875,
      "p_std": 323.2904052734375,
      "threshold": 2129.76806640625,
      "n": 64,
      "accepted": true
    },
    "fear": {
      "layer": 25,
      "kind": "mean",
      "auc": 0.99375,
      "p_pos": 39.872127532958984,
      "p_neg": -39.18365478515625,
      "p_std": 40.798805236816406,
      "threshold": 0.3442363739013672,
      "n": 63,
      "accepted": true
    },
    "warmth": {
      "layer": 25,
      "kind": "mean",
      "auc": 1.0,
      "p_pos": 40.16225814819336,
      "p_neg": -40.364524841308594,
      "p_std": 43.82307052612305,
      "threshold": -0.10113334655761719,
      "n": 63,
      "accepted": true
    }
  }
}