{
  "model": "gemma-3-1b-fp32-abl",
  "signal": "mean_gen",
  "min_auc": 0.85,
  "axes": {
    "surprise": {
      "layer": 13,
      "kind": "lda",
      "auc": 0.9830357142857142,
      "p_pos": 11.916513247512587,
      "p_neg": -152.74987092967976,
      "p_std": 82.41915085269547,
      "threshold": -70.41667884108358,
      "n": 76,
      "accepted": true
    },
    "confidence": {
      "layer": 14,
      "kind": "lda",
      "auc": 0.8200000000000001,
      "p_pos": 74.45553903972326,
      "p_neg": -47.4574354988546,
      "p_std": 61.437082765347675,
      "threshold": 13.499051770434331,
      "n": 46,
      "accepted": false
    },
    "curiosity": {
      "layer": 5,
      "kind": "lda",
      "auc": 1.0,
      "p_pos": 265.0988508315469,
      "p_neg": 237.63181209553312,
      "p_std": 13.561426713921216,
      "threshold": 251.36533146354,
      "n": 63,
      "accepted": true
    },
    "confusion": {
      "layer": 24,
      "kind": "lda",
      "auc": 0.99,
      "p_pos": 917.7876036444728,
      "p_neg": 57.842277393639996,
      "p_std": 416.8196178408892,
      "threshold": 487.8149405190564,
      "n": 64,
      "accepted": true
    },
    "frustration": {
      "layer": 13,
      "kind": "lda",
      "auc": 0.9949999999999999,
      "p_pos": -255.22580149710333,
      "p_neg": -451.24662214823803,
      "p_std": 95.08326930176709,
      "threshold": -353.23621182267067,
      "n": 64,
      "accepted": true
    },
    "fear": {
      "layer": 9,
      "kind": "lda",
      "auc": 1.0,
      "p_pos": 2.1013451730524264,
      "p_neg": -87.70507107065086,
      "p_std": 43.484658640571794,
      "threshold": -42.80186294879922,
      "n": 63,
      "accepted": true
    },
    "warmth": {
      "layer": 4,
      "kind": "lda",
      "auc": 1.0,
      "p_pos": 106.26047046432068,
      "p_neg": 83.0060186346426,
      "p_std": 11.429913208001324,
      "threshold": 94.63324454948165,
      "n": 63,
      "accepted": true
    }
  }
}